{
    "classifier": {
        "accuracy": 0.989329268292683,
        "precision": 0.5862068965517241,
        "recall": 0.6538461538461539,
        "f1_score": 0.6181818181818182
    },
    "regressor": {
        "mae": 0.25313404771749826,
        "rmse": 0.3450113899707446,
        "r2_score": 0.9203790259426685
    }
}